timestamp,sensor_temp,sensor_pressao,sensor_vibracao,status
2025-06-01 08:00:00,75.03952452708377,3.376631950727554,0.1620034894310539,OK
2025-06-01 08:01:00,74.29327889226788,3.2758299304268763,0.1882399253803856,OK
2025-06-01 08:02:00,76.08857430949057,3.0187899545782746,0.14242257222370178,OK
2025-06-01 08:03:00,78.98990354148614,2.829550483980498,0.18130102160103362,OK
2025-06-01 08:04:00,74.80996981282021,3.1411240759200356,0.11264755747052818,OK
2025-06-01 08:05:00,73.8639853015517,3.1476739793188915,0.19792236417787898,OK
2025-06-01 08:06:00,78.40144377572359,3.1333383844281806,0.21054510027861714,OK
2025-06-01 08:07:00,75.76121746383664,3.1590573128864006,0.16402331665743386,OK
2025-06-01 08:08:00,74.60239675507363,3.2904521224732237,0.2256199502019099,OK
2025-06-01 08:09:00,75.84955776126299,2.8710957778353916,0.24546321050794945,OK
2025-06-01 08:10:00,74.02634652000549,3.3963497623241414,0.13560522485796161,OK
2025-06-01 08:11:00,74.73143881663057,2.9890017287149053,0.16919923920674795,OK
2025-06-01 08:12:00,74.84034275883994,3.573328605496729,0.16163071905961657,OK
2025-06-01 08:13:00,70.47488041812791,2.8031776550505003,0.15062801177494692,OK
2025-06-01 08:14:00,71.25836467180092,3.516835773856347,0.24223983280110406,OK
2025-06-01 08:15:00,74.3946143670277,3.0304170295570074,0.1851910574819368,OK
2025-06-01 08:16:00,72.21466472159273,2.780532909440067,0.16572676287727933,OK
2025-06-01 08:17:00,74.21241686613526,2.889642649641668,0.12022866088500964,OK
2025-06-01 08:18:00,72.95837241975308,2.878011178898243,0.23332415150245536,OK
2025-06-01 08:19:00,72.45126299728489,3.1228452217191216,0.14201855290855175,OK
2025-06-01 08:20:00,78.53142841271253,3.2653474758146768,0.20241755401454734,OK
2025-06-01 08:21:00,74.31686671798423,2.7567058669742304,0.2065176788906637,OK
2025-06-01 08:22:00,74.92934310581785,2.9001014857429723,0.26617368498244487,OK
2025-06-01 08:23:00,72.72745399470097,3.681860590823489,0.11856503242210129,OK
2025-06-01 08:24:00,72.97636370110192,3.4843307979655083,0.07179525718949178,OK
2025-06-01 08:25:00,75.02758479182823,3.114985224515079,0.19684735725346078,OK
2025-06-01 08:26:00,72.79322479011792,2.9723432245439043,0.27970589623707093,OK
2025-06-01 08:27:00,75.97600539733386,3.023019390977103,0.25754472560310787,OK
2025-06-01 08:28:00,73.54381927356695,3.263982297423942,0.22336372801225507,OK
2025-06-01 08:29:00,74.43383300626637,2.7332686533713844,0.1755632807110242,OK
2025-06-01 08:30:00,72.55242309883471,2.9658982143673454,0.2279947718715609,OK
2025-06-01 08:31:00,78.37543216285096,2.428613425047091,0.16386607362234998,OK
2025-06-01 08:32:00,75.19975990680138,3.0622092499539404,0.23112789473566578,OK
2025-06-01 08:33:00,72.39343112496086,3.052204848936551,0.23065785753049586,OK
2025-06-01 08:34:00,76.67458193500119,2.81457502025605,0.2601678377866524,OK
2025-06-01 08:35:00,72.7817489504593,3.5200311883062927,0.3619266209513784,ERRO
2025-06-01 08:36:00,75.24645258958063,2.658117626886716,0.2414717473092995,OK
2025-06-01 08:37:00,71.16589163773874,2.549611872789448,0.16768466528459214,OK
2025-06-01 08:38:00,71.86226161956083,3.066220531382089,0.21496013431851183,OK
2025-06-01 08:39:00,75.29041683189023,3.279685213654876,0.1153778866531331,OK
2025-06-01 08:40:00,76.78204124478543,3.51541625155745,0.1702553016069246,OK
2025-06-01 08:41:00,75.42122304286416,2.900628635113349,0.16261316977791154,OK
2025-06-01 08:42:00,74.47543780044154,3.242809910658865,0.17209172244938845,OK
2025-06-01 08:43:00,74.50990081096681,3.0034298435416553,0.19948950769832047,OK
2025-06-01 08:44:00,72.40026091458346,2.994833553565487,0.16715959152982307,OK
2025-06-01 08:45:00,72.53534094392184,3.2443429667978334,0.26676233837025165,OK
2025-06-01 08:46:00,74.65825949055836,3.230731894130055,0.17926548973574677,OK
2025-06-01 08:47:00,76.94611708309729,2.6678150751283525,0.1993146353030266,OK
2025-06-01 08:48:00,75.89998154575704,3.437744965268424,0.19482387922229666,OK
2025-06-01 08:49:00,72.07254315109715,3.4336927587445016,0.20589274456981452,OK
2025-06-01 08:50:00,74.96233109017435,2.7754283353640714,0.2485455496834054,OK
2025-06-01 08:51:00,73.8751149379536,3.1278036181613253,0.16015514389072583,OK
2025-06-01 08:52:00,73.50188165145023,3.171222637133937,0.17051077786576344,OK
2025-06-01 08:53:00,75.83147581711953,3.0879442467606792,0.18210054878048382,OK
2025-06-01 08:54:00,77.9294673329103,2.783923687860931,0.12054064578498218,OK
2025-06-01 08:55:00,76.43417419131899,2.808831078184857,0.14782180553967483,OK
2025-06-01 08:56:00,73.0437915638113,3.065443575638448,0.1832824814673202,OK
2025-06-01 08:57:00,74.48376976409905,3.374250494003536,0.24391404159082522,OK
2025-06-01 08:58:00,75.06145209976908,3.2111794058319214,0.21174294400402402,OK
2025-06-01 08:59:00,76.75324989836659,2.876965101873537,0.2054405951451537,OK
2025-06-01 09:00:00,74.2003781549345,3.2690046251656892,0.2394930096535911,OK
2025-06-01 09:01:00,74.46225184448112,2.1594006057218036,0.20360052852491156,OK
2025-06-01 09:02:00,72.74063662253796,3.2970841736272694,0.21617080167776423,OK
2025-06-01 09:03:00,72.34292069561447,2.494011916606514,0.1814282652203595,OK
2025-06-01 09:04:00,75.86781649019801,2.8416828844070445,0.22070463522538317,OK
2025-06-01 09:05:00,77.87327666281126,2.632455017867917,0.16881330048077373,OK
2025-06-01 09:06:00,75.73344629266295,2.6210619726483473,0.07837310074150632,OK
2025-06-01 09:07:00,77.01626661117577,3.363110249882562,0.2093618249546799,OK
2025-06-01 09:08:00,75.83590410871905,2.8002280163525763,0.27093180123149196,OK
2025-06-01 09:09:00,74.05612186834817,3.1566504530783583,0.2492026068432669,OK
2025-06-01 09:10:00,75.08812596274348,3.0145241402512686,0.2364806393165753,OK
2025-06-01 09:11:00,78.92733046199675,3.107875826386392,0.2596098415668013,OK
2025-06-01 09:12:00,75.0295123199915,2.9461673274956177,0.2105281400001579,OK
2025-06-01 09:13:00,78.94521576117258,2.6078571037893576,0.19431204803186736,OK
2025-06-01 09:14:00,69.39399329405852,3.276582860141084,0.1711258561594396,OK
2025-06-01 09:15:00,77.55283597002936,2.8575300479042576,0.1852042679250956,OK
2025-06-01 09:16:00,75.56167188349373,2.5148695973442963,0.23120143204443147,OK
2025-06-01 09:17:00,74.67850534199444,2.7711926086729757,0.27056581084502324,OK
2025-06-01 09:18:00,75.30053378024758,3.4308105902752355,0.19637207136443524,OK
2025-06-01 09:19:00,70.90059786176099,3.239785567080632,0.19227125574099388,OK
2025-06-01 09:20:00,75.1609220535619,2.927087410916345,0.1900905027868895,OK
2025-06-01 09:21:00,75.78440507794753,2.8603127049739188,0.23141958311863925,OK
2025-06-01 09:22:00,76.97225323768946,2.9874432183034134,0.1286519270572224,OK
2025-06-01 09:23:00,73.4048663325992,3.5274423675356643,0.0744984074055873,OK
2025-06-01 09:24:00,73.29008991811726,3.1801390105595972,0.18203610754633429,OK
2025-06-01 09:25:00,74.15148540441369,3.1177965456134156,0.16221111176282024,OK
2025-06-01 09:26:00,76.80250999095419,3.3520642798267306,0.17442292937279616,OK
2025-06-01 09:27:00,76.2669876142162,3.0756268219108907,0.1976611949418641,OK
2025-06-01 09:28:00,72.9649286604466,2.9792651330550624,0.1781827643070026,OK
2025-06-01 09:29:00,76.09832883447929,2.921726947046866,0.26548753002446557,OK
2025-06-01 09:30:00,74.28516548600251,2.9235886009168905,0.19812963545209586,OK
2025-06-01 09:31:00,77.31714612880786,3.0598585434106007,0.20796598314958778,OK
2025-06-01 09:32:00,73.5486644550243,3.212614830796987,0.2171907733926528,OK
2025-06-01 09:33:00,74.55448069281653,3.0266616894234004,0.16009936489155274,OK
2025-06-01 09:34:00,73.7838422134408,3.2815296188669136,0.2508044924317811,OK
2025-06-01 09:35:00,72.71270256956464,2.9241872638627036,0.19275259238275533,OK
2025-06-01 09:36:00,76.11310288615857,3.05336510197679,0.2424155691099387,OK
2025-06-01 09:37:00,75.81388269586571,2.3710450568172234,0.13518962731943335,OK
2025-06-01 09:38:00,74.94546828985321,3.2682898346285256,0.11464342131915126,OK
2025-06-01 09:39:00,74.82075437589727,3.1075604910386123,0.24157520559373766,OK
2025-06-01 09:40:00,71.8158122319055,3.224391939885549,0.22910816621911065,OK
2025-06-01 09:41:00,74.58648718397964,2.0921815344008716,0.15991427273381237,OK
2025-06-01 09:42:00,75.13931141410842,3.6940660560548753,0.15900009736142412,OK
2025-06-01 09:43:00,73.93075074154635,3.002432670982688,0.25705291657309864,OK
2025-06-01 09:44:00,74.31262734176427,3.329322866154893,0.14453176391190137,OK
2025-06-01 09:45:00,75.98881037226562,2.700184394787985,0.28415017671409076,OK
2025-06-01 09:46:00,78.12580103054174,3.169120046236948,0.1446692405198372,OK
2025-06-01 09:47:00,75.63535078125152,2.7518045003393024,0.2323803884967507,OK
2025-06-01 09:48:00,75.74040248787679,2.8028516829015504,0.17283218962337327,OK
2025-06-01 09:49:00,73.91619999870159,3.585801510766778,0.2309701969831254,OK
2025-06-01 09:50:00,70.58156564744574,3.0000967869780992,0.16798782047940797,OK
2025-06-01 09:51:00,74.80540280072968,3.0263612877116213,0.2172541709242139,OK
2025-06-01 09:52:00,74.97003054631163,3.338959778431471,0.20164701493226894,OK
2025-06-01 09:53:00,79.32174575726118,3.0721814959046125,0.1358482315483105,OK
2025-06-01 09:54:00,74.80976743511384,3.126607778098713,0.23569941516423706,OK
2025-06-01 09:55:00,75.72883148913748,3.0908545215422687,0.17953290913279962,OK
2025-06-01 09:56:00,74.83344189460024,3.7088897381802184,0.2053036436945243,OK
2025-06-01 09:57:00,72.28474817468177,2.888213852330777,0.1443880072701872,OK
2025-06-01 09:58:00,77.80999919223832,3.0375899781456055,0.05605903731999809,OK
2025-06-01 09:59:00,77.3315696219177,3.2632059922509393,0.1986169819843014,OK
2025-06-01 10:00:00,76.34028315216283,3.3012754626187215,0.3068247840216493,OK
2025-06-01 10:01:00,72.87514163183312,3.34924354337867,0.23486865997982637,OK
2025-06-01 10:02:00,78.0511924545782,3.2395086473324004,0.1964607761581703,OK
2025-06-01 10:03:00,72.01728318454194,2.667478693750886,0.18615912400658555,OK
2025-06-01 10:04:00,76.10401558726892,3.5054132923603842,0.20801493921134567,OK
2025-06-01 10:05:00,79.7507378274823,2.6013204126521154,0.22051961293589661,OK
2025-06-01 10:06:00,72.06424930598497,3.0467529350915736,0.13822206671289017,OK
2025-06-01 10:07:00,74.5265557032208,2.863653495911758,0.2555733812039498,OK
2025-06-01 10:08:00,75.23564299233995,2.94399844428394,0.2372650453472501,OK
2025-06-01 10:09:00,73.78730211948651,3.1814391356939087,0.23688755803247596,OK
2025-06-01 10:10:00,71.854056060757,3.0842541046910386,0.22628384469271218,OK
2025-06-01 10:11:00,75.11834062712232,3.1266906230777605,0.20941922798111687,OK
2025-06-01 10:12:00,72.00979192082534,3.5376316387290907,0.23756940295485068,OK
2025-06-01 10:13:00,76.69465397499698,3.199654911551127,0.23412656192216108,OK
2025-06-01 10:14:00,73.18181434766771,2.921212381398851,0.16647573278548405,OK
2025-06-01 10:15:00,78.32136987525877,3.26981399781043,0.17182218834681176,OK
2025-06-01 10:16:00,73.90926830061456,3.3540451242512814,0.20988789024311544,OK
2025-06-01 10:17:00,73.84529573880849,2.6486155318705085,0.28474041952046386,OK
2025-06-01 10:18:00,76.86377038425695,3.2237852052984453,0.13112113847496704,OK
2025-06-01 10:19:00,72.40445082168269,3.210563315642977,0.12003334396349155,OK
2025-06-01 10:20:00,75.8783052568165,2.9416752638931603,0.20249703530898985,OK
2025-06-01 10:21:00,76.55067179838912,3.494630030607033,0.20790852409171437,OK
2025-06-01 10:22:00,71.73548638075691,2.9740488045034814,0.21900589376776253,OK
2025-06-01 10:23:00,75.06785738917262,3.0532555788417017,0.208123058822509,OK
2025-06-01 10:24:00,75.73589706381394,2.872132911460336,0.19791951040453026,OK
2025-06-01 10:25:00,76.79866783723871,2.873137207432987,0.2757279700217501,OK
2025-06-01 10:26:00,72.17228563083282,2.690536260392948,0.11871194330454987,OK
2025-06-01 10:27:00,72.00299984174343,2.563243523657668,0.15646130646280804,OK
2025-06-01 10:28:00,75.98855044695513,3.4526123852217547,0.2023033756385692,OK
2025-06-01 10:29:00,75.14564823280877,2.758088105713819,0.12109633761016235,OK
2025-06-01 10:30:00,75.92197754841781,2.699562108703262,0.21396553405487284,OK
2025-06-01 10:31:00,75.50829281877023,2.4103719784505806,0.2745512618564277,OK
2025-06-01 10:32:00,72.1864564471822,2.8126170191060984,0.20622534143509785,OK
2025-06-01 10:33:00,75.27709636601111,2.5657268977242422,0.20624303518781906,OK
2025-06-01 10:34:00,75.06687303617537,3.542112859988875,0.12829889187148458,OK
2025-06-01 10:35:00,72.75565925621679,3.29208857305548,0.1690732582276764,OK
2025-06-01 10:36:00,78.11283570317823,2.819881730630298,0.1826137057778735,OK
2025-06-01 10:37:00,76.00237007774007,3.6518602062936525,0.2132959807127892,OK
2025-06-01 10:38:00,73.28171341971883,3.2620383018226065,0.2622407315933564,OK
2025-06-01 10:39:00,76.46969945420015,2.906758996456698,0.2165827657414094,OK
2025-06-01 10:40:00,72.74738496543749,2.250819717715112,0.14715720932809226,OK
2025-06-01 10:41:00,76.80212130507024,3.711274123545564,0.19157883854613658,OK
2025-06-01 10:42:00,77.08764600290532,2.569695972305434,0.22399151959879662,OK
2025-06-01 10:43:00,73.01133517871502,2.4145623867244126,0.25716770474901496,OK
2025-06-01 10:44:00,76.34957092437216,3.2851324354234723,0.2869730381578708,OK
2025-06-01 10:45:00,74.94964745049714,3.7716166452589728,0.15898151290288504,OK
2025-06-01 10:46:00,76.44915846670926,3.400413041591,0.15442142825040592,OK
2025-06-01 10:47:00,78.87261271026796,3.1568535658899806,0.13561496690796987,OK
2025-06-01 10:48:00,74.46091193298682,3.2277451277948828,0.18063779873854424,OK
2025-06-01 10:49:00,73.28454420731134,3.2204260062711465,0.2120372931742398,OK
2025-06-01 10:50:00,72.74809811040056,3.1505384160238847,0.25246567362326144,OK
2025-06-01 10:51:00,73.67250252591161,3.076325871214538,0.1834665933319079,OK
2025-06-01 10:52:00,74.18723062119851,3.007051633623126,0.1798613548315392,OK
2025-06-01 10:53:00,76.07031790655503,2.9329097456424806,0.19763616001344467,OK
2025-06-01 10:54:00,75.05227308919667,2.7650417005450625,0.16373968678140144,OK
2025-06-01 10:55:00,76.27814887939553,2.9403727593023072,0.32249123707740357,OK
2025-06-01 10:56:00,74.29261118844798,2.4916485276629934,0.10660106881606375,OK
2025-06-01 10:57:00,77.65636708087182,2.985847165595887,0.19070684411581054,OK
2025-06-01 10:58:00,74.95834256276308,2.7940930527804957,0.29993144210798134,OK
2025-06-01 10:59:00,80.69815237740121,2.6517792617573903,0.20049697018757748,OK
2025-06-01 11:00:00,76.74054575154403,3.0678856770782774,0.19268464131749827,OK
2025-06-01 11:01:00,73.54675616013441,3.392140017773423,0.1776645237071352,OK
2025-06-01 11:02:00,72.30638008961259,3.233176995806345,0.1889740229236253,OK
2025-06-01 11:03:00,75.7995502183226,2.4996044362421586,0.2723175278392325,OK
2025-06-01 11:04:00,74.16297486478958,2.679173630452814,0.09981121335997306,OK
2025-06-01 11:05:00,77.09328844020371,3.300205146273821,0.25712119736163347,OK
2025-06-01 11:06:00,75.34808092593393,2.822707571273545,0.12511274798717814,OK
2025-06-01 11:07:00,75.30119101938081,2.8968078831871007,0.18880547147768992,OK
2025-06-01 11:08:00,73.75288949891757,3.1441843644265925,0.16935801793895958,OK
2025-06-01 11:09:00,72.88511565148632,2.706340512885347,0.24673935980620898,OK
2025-06-01 11:10:00,73.90212679955121,3.051402594279275,0.11373968360352527,OK
2025-06-01 11:11:00,77.06895866843703,2.612969892122278,0.22269570643402434,OK
2025-06-01 11:12:00,76.56901340652983,2.8837944965120417,0.30677570213276556,OK
2025-06-01 11:13:00,72.19970160410918,2.974614976716001,0.12592845188234053,OK
2025-06-01 11:14:00,74.5788417279362,2.402755386430716,0.19101957790247562,OK
2025-06-01 11:15:00,74.8306297425038,3.107348512787612,0.16261434584100423,OK
2025-06-01 11:16:00,73.5886411420284,3.048973669699181,0.23158876586892221,OK
2025-06-01 11:17:00,74.36587510786175,3.0874645847448643,0.19758843760293623,OK
2025-06-01 11:18:00,74.93025791042304,2.91679262323471,0.15946131153319473,OK
2025-06-01 11:19:00,72.93271599785824,3.4378010993031136,0.2336503363385809,OK
2025-06-01 11:20:00,75.80816248911152,3.049750211979508,0.28690965652910666,OK
2025-06-01 11:21:00,76.33429148482857,2.816667917322453,0.1853532022771329,OK
2025-06-01 11:22:00,77.27724741425098,2.9874122708736386,0.23748245800404222,OK
2025-06-01 11:23:00,77.7470370107265,3.1145022227291825,0.1430438542026297,OK
2025-06-01 11:24:00,71.76850307371642,3.0201847869714085,0.17599531647642502,OK
2025-06-01 11:25:00,72.78585235094049,2.980861743552014,0.2318926749705931,OK
2025-06-01 11:26:00,75.64374081178191,2.8141056896067496,0.2858042010906817,OK
2025-06-01 11:27:00,76.44266780775573,2.658398391589496,0.21272100544940445,OK
2025-06-01 11:28:00,76.48029466680963,2.536375825203702,0.17408841741414752,OK
2025-06-01 11:29:00,82.93107564096869,3.4685703249105293,0.20058788376735895,OK
2025-06-01 11:30:00,76.7335278548313,2.61402399546399,0.13855131245411012,OK
2025-06-01 11:31:00,76.68211084667301,2.765226052736721,0.21944063890412238,OK
2025-06-01 11:32:00,77.74161558276198,2.824370009324029,0.24236370781713035,OK
2025-06-01 11:33:00,77.06440181346773,3.1755104745003297,0.1813886593755373,OK
2025-06-01 11:34:00,74.73727250934218,2.913789670328929,0.18010182656220572,OK
2025-06-01 11:35:00,77.40883789537207,3.4022394429627054,0.21833679001644515,OK
2025-06-01 11:36:00,72.62603796708598,2.8907851845549373,0.18107366049934467,OK
2025-06-01 11:37:00,74.26413871838865,3.059609950112467,0.19162328267600834,OK
2025-06-01 11:38:00,73.66162117400081,2.7656188142396987,0.29984708319183734,OK
2025-06-01 11:39:00,75.52448794065131,3.553351598703898,0.17565920098276144,OK
2025-06-01 11:40:00,79.10424676354594,2.524122664075495,0.19993074279078987,OK
2025-06-01 11:41:00,71.64421718948525,3.1351849318571934,0.167757413364435,OK
2025-06-01 11:42:00,77.05778845274737,3.189855049597226,0.23496106801704833,OK
2025-06-01 11:43:00,72.1221697076627,3.1830653637253703,0.18165087052457027,OK
2025-06-01 11:44:00,74.19801178025187,2.8757435578882,0.1968879271072065,OK
2025-06-01 11:45:00,76.68396452348435,2.9870488970564097,0.2553319212914216,OK
2025-06-01 11:46:00,74.70513455512824,3.106584333620926,0.26669167096962115,OK
2025-06-01 11:47:00,73.46931989678973,2.9768846799293165,0.17413719007592535,OK
2025-06-01 11:48:00,73.95906708343273,3.3029928103180253,0.11267513208941198,OK
2025-06-01 11:49:00,76.33968573818058,3.6635847045186227,0.25995500504400293,OK
2025-06-01 11:50:00,73.33031196368277,2.7542083916413542,0.18384459378969242,OK
2025-06-01 11:51:00,74.42001324260826,2.6568377529117937,0.24459285651274557,OK
2025-06-01 11:52:00,74.55571747046541,2.9429725035043703,0.09093450111474155,OK
2025-06-01 11:53:00,74.65250884835824,3.7991369641154464,0.24206041566374764,OK
2025-06-01 11:54:00,78.64766039314941,2.680745914280518,0.14251972726109982,OK
2025-06-01 11:55:00,76.36257795524656,3.4327620584078313,0.25722046636838447,OK
2025-06-01 11:56:00,71.45343681328238,3.575064614184044,0.18673559860757874,OK
2025-06-01 11:57:00,74.74544729553772,2.816558413039709,0.16432879408242004,OK
2025-06-01 11:58:00,73.76878230785375,3.2433586975577096,0.18144732804912514,OK
2025-06-01 11:59:00,77.17382443834778,3.4846074539856358,0.24269422820012987,OK
2025-06-01 12:00:00,73.42120818408823,2.794166789055861,0.20427477548940243,OK
2025-06-01 12:01:00,76.20472864489959,2.9835292719558777,0.22079632272236094,OK
2025-06-01 12:02:00,75.17567492852181,2.7960011099276265,0.3063307570197876,OK
2025-06-01 12:03:00,77.26087465328217,2.730507421467992,0.12833222968550365,OK
2025-06-01 12:04:00,72.51300631719022,2.806477279857202,0.2905811984058284,OK
2025-06-01 12:05:00,74.71695760573644,2.5556620085741795,0.2050847505223743,OK
2025-06-01 12:06:00,74.27076295352771,3.018439778746296,0.14906257735064513,OK
2025-06-01 12:07:00,73.32676343629758,2.8788191877900475,0.11789644876281208,OK
2025-06-01 12:08:00,78.64540667679186,3.094785096462947,0.1987377131425424,OK
2025-06-01 12:09:00,74.88101269622277,2.5303554184886385,0.2503214004206628,OK
2025-06-01 12:10:00,72.77985584161561,3.153031239762182,0.1839647176524837,OK
2025-06-01 12:11:00,76.98480312710481,3.2605921117428327,0.2701720097794012,OK
2025-06-01 12:12:00,79.56364247834682,2.4123560187417032,0.12277362737790765,OK
2025-06-01 12:13:00,77.59398968364587,3.0576357123463165,0.1845657082878731,OK
2025-06-01 12:14:00,72.14506998819682,3.3799930990314677,0.1292035038132927,OK
2025-06-01 12:15:00,74.10557656416664,2.6888798652134858,0.20684329056318487,OK
2025-06-01 12:16:00,77.09328813004261,3.4599686084463097,0.24021957938598568,OK
2025-06-01 12:17:00,73.22855068693792,3.196930493872161,0.17157493533265172,OK
2025-06-01 12:18:00,76.48100616638112,2.783911142065221,0.0535192579599758,OK
2025-06-01 12:19:00,77.26743580971167,2.9388808011257614,0.23017330964551955,OK
2025-06-01 12:20:00,73.02708383868782,3.217379677602529,0.2343623348969678,OK
2025-06-01 12:21:00,74.90395066150305,3.00846190563681,0.21242454353288504,OK
2025-06-01 12:22:00,68.06515813236497,3.1996025421082166,0.26451332355764384,OK
2025-06-01 12:23:00,73.53760313996514,2.7092099904632634,0.15062196691576052,OK
2025-06-01 12:24:00,74.82757210905956,3.0478169400343282,0.24592166382025726,OK
2025-06-01 12:25:00,73.47504235430218,2.600563661145221,0.25143932535729796,OK
2025-06-01 12:26:00,77.8256610692734,2.9811770344748902,0.12199168863949843,OK
2025-06-01 12:27:00,71.95071329456962,2.629051118537976,0.21050353825387952,OK
2025-06-01 12:28:00,74.23563398786882,2.7232788302183506,0.16143238440793028,OK
2025-06-01 12:29:00,75.58472592343507,3.417298451802672,0.20316523193806268,OK
2025-06-01 12:30:00,77.77471275935842,3.3207862067332035,0.2302914084181411,OK
2025-06-01 12:31:00,71.69179515241426,3.156554871133582,0.20151766152962924,OK
2025-06-01 12:32:00,77.7670312687717,2.604377469835353,0.15421734339101728,OK
2025-06-01 12:33:00,75.38103380331196,2.8510906490277668,0.20869681772520915,OK
2025-06-01 12:34:00,72.57884564762223,3.2628393779956575,0.14153969061892455,OK
2025-06-01 12:35:00,76.60192834907929,3.037451038156895,0.15354233066098105,OK
2025-06-01 12:36:00,75.98321874574523,3.6658769829654556,0.2192637686355127,OK
2025-06-01 12:37:00,73.86671449430631,3.069665957269046,0.12993260048508157,OK
2025-06-01 12:38:00,75.17940310116805,3.054208563688612,0.22555687681379577,OK
2025-06-01 12:39:00,74.50640169183443,2.9254635922818863,0.2239192050993784,OK
2025-06-01 12:40:00,74.79618315537437,3.144722168045182,0.10729885089508662,OK
2025-06-01 12:41:00,76.33927708862413,2.878664878107676,0.17271231082235147,OK
2025-06-01 12:42:00,77.09584185998611,3.2704016551716033,0.2699744163349478,OK
2025-06-01 12:43:00,72.96259682509778,3.335665773089129,0.15693749885546948,OK
2025-06-01 12:44:00,78.4853201380916,2.72524852487878,0.19296766328113932,OK
2025-06-01 12:45:00,71.8475343151695,2.610791911661968,0.22726131095714827,OK
2025-06-01 12:46:00,74.5313697629456,2.4262567256021303,0.2270005583607281,OK
2025-06-01 12:47:00,76.07080092200356,3.1616818270947,0.20105682083315862,OK
2025-06-01 12:48:00,75.24811678242781,2.7444465688180655,0.16407292790935796,OK
2025-06-01 12:49:00,73.61058152339777,2.384413133745821,0.28022267808178114,OK
2025-06-01 12:50:00,75.29302117185946,3.1420040000209615,0.30268232535543,OK
2025-06-01 12:51:00,72.7700938024148,3.726384389232105,0.2535097826463938,OK
2025-06-01 12:52:00,74.45975317915567,2.9239758932918156,0.18930431899660471,OK
2025-06-01 12:53:00,76.86821593459291,3.2411238218084724,0.1504045922528558,OK
2025-06-01 12:54:00,75.1105201480015,3.084879215307465,0.17170522434102312,OK
2025-06-01 12:55:00,73.07652461295407,2.893974711213175,0.22443447840685973,OK
2025-06-01 12:56:00,77.63739626447061,3.222968476487496,0.22171564639385585,OK
2025-06-01 12:57:00,75.14184560178185,2.919231023555108,0.2776681738089576,OK
2025-06-01 12:58:00,76.04904898237993,3.030984954979208,0.2394857332476102,OK
2025-06-01 12:59:00,76.82791495502958,3.0568831695030436,0.1276339830358637,OK
2025-06-01 13:00:00,73.51128641629882,2.7783929348206766,0.25051069717394125,OK
2025-06-01 13:01:00,73.41067513133785,3.229331834651449,0.14697028417695576,OK
2025-06-01 13:02:00,76.60289969794883,2.8988059806805593,0.18938042465529586,OK
2025-06-01 13:03:00,75.7078641890468,2.808447847991512,0.21804570562326267,OK
2025-06-01 13:04:00,75.508607511283,3.095584463959573,0.29721037448302035,OK
2025-06-01 13:05:00,75.76534024905413,2.650565998737947,0.36631705093019945,ERRO
2025-06-01 13:06:00,77.82133289098782,2.9769530982340435,0.2290458118055113,OK
2025-06-01 13:07:00,73.99768775295185,3.0338620761322312,0.1823235473206367,OK
2025-06-01 13:08:00,76.97478882477377,3.3159225793496288,0.2191355754349941,OK
2025-06-01 13:09:00,74.59545785882632,3.119180415958205,0.23459536293059416,OK
2025-06-01 13:10:00,73.97370053083516,2.994709852252237,0.18124251855610357,OK
2025-06-01 13:11:00,77.42229066039053,3.1580445181171033,0.30209781057897805,OK
2025-06-01 13:12:00,77.69385622274461,3.4417975473939455,0.20345258614926504,OK
2025-06-01 13:13:00,76.11963952540835,3.1865148434757407,0.22677191206475075,OK
2025-06-01 13:14:00,77.43022623096167,2.9826403622482283,0.22672931914644898,OK
2025-06-01 13:15:00,75.25023070231624,2.656745355884773,0.21847624011800842,OK
2025-06-01 13:16:00,76.33695351808706,2.624091096129736,0.2268466129036281,OK
2025-06-01 13:17:00,73.88831469662443,2.964828038356278,0.16693195838108849,OK
2025-06-01 13:18:00,76.20926163309211,2.8248710226319775,0.17014785850464886,OK
2025-06-01 13:19:00,75.89973425227326,2.9270809796104573,0.1503951677917722,OK
2025-06-01 13:20:00,75.29205765949739,3.0160012957007165,0.224207870663565,OK
2025-06-01 13:21:00,75.73827990600583,3.153544588016472,0.22696290392608529,OK
2025-06-01 13:22:00,72.58907837100632,3.0398645114031586,0.23373062574802975,OK
2025-06-01 13:23:00,79.31376254198152,3.0921165367743098,0.2858276520695968,OK
2025-06-01 13:24:00,73.53990390865873,2.981216362485706,0.20170413423032255,OK
2025-06-01 13:25:00,72.80920664767223,2.459175174697463,0.23334525924577426,OK
2025-06-01 13:26:00,77.31501982654072,2.6884226350951805,0.1402373817208121,OK
2025-06-01 13:27:00,76.28868956203121,3.001800387150095,0.18282303827376722,OK
2025-06-01 13:28:00,75.70215781774526,2.7220633762981032,0.2395327722375747,OK
2025-06-01 13:29:00,76.674066681691,3.1598888676517793,0.22498614862370167,OK
2025-06-01 13:30:00,75.43239226499897,3.4932933660318746,0.17991404424332996,OK
2025-06-01 13:31:00,72.43262636368297,3.3079439414422023,0.1938705677030608,OK
2025-06-01 13:32:00,75.9465286054778,2.973703803624328,0.12666801872290231,OK
2025-06-01 13:33:00,73.93271218742278,3.457189040354324,0.1940816500189408,OK
2025-06-01 13:34:00,77.65003678940839,3.068252151268644,0.2368017500300215,OK
2025-06-01 13:35:00,74.03482136275316,2.8665956050628183,0.2237806323371499,OK
2025-06-01 13:36:00,72.66609352870725,2.7329250301593593,0.219907944962595,OK
2025-06-01 13:37:00,74.28274366181037,2.934421697291037,0.1944734084580026,OK
2025-06-01 13:38:00,76.07725512199885,2.780376796813659,0.19688129298028623,OK
2025-06-01 13:39:00,74.77073130585553,3.0352573421005196,0.17469196522620736,OK
2025-06-01 13:40:00,73.7085986657747,3.095231287635958,0.2244030660564833,OK
2025-06-01 13:41:00,75.36603378457781,3.010508692839676,0.22532679117099855,OK
2025-06-01 13:42:00,74.9767485383845,3.2284985831633954,0.20758192009945664,OK
2025-06-01 13:43:00,74.60111393561732,3.408449340064991,0.16808487790219892,OK
2025-06-01 13:44:00,73.575570675888,3.2521713212161183,0.08903796100425793,OK
2025-06-01 13:45:00,76.27833415210144,2.5558962784576007,0.27160623231682546,OK
2025-06-01 13:46:00,71.9616389922021,2.2314551244021916,0.17331010415205292,OK
2025-06-01 13:47:00,72.98036348755582,3.2011871352044756,0.1348487770633348,OK
2025-06-01 13:48:00,73.90257720252477,2.542916444651156,0.2146850565270872,OK
2025-06-01 13:49:00,74.50460795185508,2.904532334083202,0.18073966386751034,OK
2025-06-01 13:50:00,75.36211694528295,2.5471550670393954,0.25913452776023016,OK
2025-06-01 13:51:00,77.78025849522606,2.4617805421385763,0.23460485605510742,OK
2025-06-01 13:52:00,76.92947759259165,3.149985226228784,0.2358541672180338,OK
2025-06-01 13:53:00,74.71870118818201,3.144101853025215,0.14332481041502995,OK
2025-06-01 13:54:00,74.66506188016027,2.847257523045851,0.2552012870619487,OK
2025-06-01 13:55:00,72.91212556556556,2.2584809495910747,0.22201163212196107,OK
2025-06-01 13:56:00,75.00226224287479,2.8474783894674998,0.1652159941874257,OK
2025-06-01 13:57:00,73.35831567495231,3.101337792860315,0.1981199450377319,OK
2025-06-01 13:58:00,75.87452117807052,2.585898636955354,0.09311782440576585,OK
2025-06-01 13:59:00,72.85567750053696,3.089018993957581,0.21768418756733562,OK
2025-06-01 14:00:00,75.46202682687947,3.010777223734086,0.14806881241823303,OK
2025-06-01 14:01:00,77.22180565244979,3.132556837358589,0.13350750063008848,OK
2025-06-01 14:02:00,73.88553345415234,3.049704148799805,0.1245008742179768,OK
2025-06-01 14:03:00,75.12569969264175,2.7678533502768077,0.246358885441379,OK
2025-06-01 14:04:00,76.02577750460698,3.329139997568761,0.1666344218712284,OK
2025-06-01 14:05:00,75.17418862499161,3.0573380950485305,0.26171191880976746,OK
2025-06-01 14:06:00,75.18524512567323,2.965527091447751,0.18684221659870762,OK
2025-06-01 14:07:00,75.1140598546976,2.7216399629450483,0.11159584139137266,OK
2025-06-01 14:08:00,75.39559289035083,2.83339104484223,0.13928491681213015,OK
2025-06-01 14:09:00,73.51951302539699,2.745722727587943,0.2776799842847878,OK
2025-06-01 14:10:00,75.01029861815489,2.8610050973912093,0.17978262576767434,OK
2025-06-01 14:11:00,75.39834970069128,3.4862104541018666,0.16132976403515026,OK
2025-06-01 14:12:00,78.62775098972969,2.5338235971031646,0.19703870804395374,OK
2025-06-01 14:13:00,77.82213997398937,2.522698498031592,0.22441042299138245,OK
2025-06-01 14:14:00,78.46503556796176,3.491073467023528,0.260186257091499,OK
2025-06-01 14:15:00,72.95329057878071,2.9695032062101676,0.2798217161758247,OK
2025-06-01 14:16:00,76.60473610225286,2.6806952103590804,0.2077315208854954,OK
2025-06-01 14:17:00,74.8844151140216,3.414074888865217,0.11120329115389047,OK
2025-06-01 14:18:00,79.63258864316327,2.8330793351099843,0.1854140978350804,OK
2025-06-01 14:19:00,73.0192673280864,3.5089779570394306,0.207442719603422,OK
2025-06-01 14:20:00,74.40308434954174,3.211234157351328,0.1459479022005817,OK
2025-06-01 14:21:00,74.39648900628376,2.862436068681424,0.14594473297270907,OK
2025-06-01 14:22:00,70.8584955666965,3.613850028132073,0.20810169736941453,OK
2025-06-01 14:23:00,74.46198308829835,2.8281813564661022,0.21441263076751196,OK
2025-06-01 14:24:00,74.03468488907126,3.192254997221777,0.21006282304071835,OK
2025-06-01 14:25:00,75.0188138289233,3.0695696744874468,0.1623071930505703,OK
2025-06-01 14:26:00,75.27540332928334,3.356208430031885,0.20199012181458165,OK
2025-06-01 14:27:00,78.7914132099166,3.396819794531073,0.13866305313359603,OK
2025-06-01 14:28:00,77.33166573862107,3.016893068230499,0.2312028692429301,OK
2025-06-01 14:29:00,73.9157228880019,2.803239610721962,0.22998278941424075,OK
2025-06-01 14:30:00,72.4146724162078,3.1637358226855534,0.10069646148686244,OK
2025-06-01 14:31:00,75.58242612103759,2.8376816517061303,0.15514144225742704,OK
2025-06-01 14:32:00,72.32254715416153,3.6202331847587303,0.12620212302481942,OK
2025-06-01 14:33:00,78.62508472954579,3.0143243244139764,0.1689922223902539,OK
2025-06-01 14:34:00,78.34515132983748,2.9323867278279265,0.18171753319982115,OK
2025-06-01 14:35:00,73.3686547245911,2.987528214767376,0.13554928644121372,OK
2025-06-01 14:36:00,71.82652556273618,2.550828544015467,0.15630328452612433,OK
2025-06-01 14:37:00,78.45230130249497,2.6603057848756424,0.15713267421058505,OK
2025-06-01 14:38:00,75.90664518220616,3.414126975340293,0.1914357446940467,OK
2025-06-01 14:39:00,77.27343391235495,2.8500711420155853,0.20658212543979043,OK
2025-06-01 14:40:00,72.05685940877137,2.710291967047668,0.15203546993396208,OK
2025-06-01 14:41:00,74.08613013269178,3.214592319018776,0.2048678110814563,OK
2025-06-01 14:42:00,75.10822826521301,3.3117471072782996,0.17800964475700057,OK
2025-06-01 14:43:00,75.04453858690984,3.233115749192569,0.18732818054625647,OK
2025-06-01 14:44:00,74.31785675179154,3.292555584322587,0.2751572047171337,OK
2025-06-01 14:45:00,74.97957682208515,2.8153055786234074,0.2670857841513616,OK
2025-06-01 14:46:00,73.20579388626614,2.567695588349837,0.1197055850011837,OK
2025-06-01 14:47:00,74.77832998178839,3.431152951166142,0.2529892948529417,OK
2025-06-01 14:48:00,75.12935381503466,2.930241474275409,0.2385169875296171,OK
2025-06-01 14:49:00,77.05230876597729,2.9685585534230476,0.15377233500492235,OK
2025-06-01 14:50:00,76.08576274678249,3.3650409828123773,0.2356735653167826,OK
2025-06-01 14:51:00,72.54917782179174,3.1638152192525792,0.2716608360365618,OK
2025-06-01 14:52:00,72.92754830963112,3.0838442999424,0.13623089182140086,OK
2025-06-01 14:53:00,77.1393229913721,3.5245976525956784,0.16288659826621757,OK
2025-06-01 14:54:00,75.38957038249092,2.8169675124566433,0.24378876176889036,OK
2025-06-01 14:55:00,73.42951421517147,3.3087973062371026,0.22002071986543417,OK
2025-06-01 14:56:00,78.52267119210983,3.030207277923462,0.22374928978528327,OK
2025-06-01 14:57:00,75.33525052226237,2.9830995977712584,0.19726982782110866,OK
2025-06-01 14:58:00,76.71228169455152,3.440998056419936,0.21383165536854257,OK
2025-06-01 14:59:00,74.86895268125663,3.0414333388843326,0.12188531144081738,OK
2025-06-01 15:00:00,78.81781863315787,3.2299738790975994,0.2527049125678958,OK
2025-06-01 15:01:00,78.47207116227489,3.267449472087036,0.24657542226464382,OK
2025-06-01 15:02:00,74.71499353235676,2.953284361610129,0.19779021380374479,OK
2025-06-01 15:03:00,77.15224477985271,2.7955305819825056,0.19691539390577661,OK
2025-06-01 15:04:00,75.40274602214609,2.641527724166887,0.12166866492462651,OK
2025-06-01 15:05:00,78.26923360884513,2.3534537756238123,0.2322716591787676,OK
2025-06-01 15:06:00,73.1964375018381,3.6343806498014137,0.23824194142646585,OK
2025-06-01 15:07:00,77.06436894379382,2.6268212884243414,0.19668946163233794,OK
2025-06-01 15:08:00,77.33894813734452,2.938748145032179,0.24850566499803223,OK
2025-06-01 15:09:00,72.03318250602165,2.892814630492978,0.1655564422898817,OK
2025-06-01 15:10:00,72.86675563039351,3.0031640886194486,0.22136979872432822,OK
2025-06-01 15:11:00,71.59464852258118,3.1331977628055663,0.14284466059891462,OK
2025-06-01 15:12:00,74.72231164911977,3.2694762589326536,0.19989296698621106,OK
2025-06-01 15:13:00,76.38612688837047,2.7969988811127875,0.18783081829347795,OK
2025-06-01 15:14:00,79.1409314644155,2.92220899501837,0.21814472582256136,OK
2025-06-01 15:15:00,75.5927081219795,3.119567177101179,0.1753938208456252,OK
2025-06-01 15:16:00,78.5441033016448,2.984064775976558,0.1928559585478872,OK
2025-06-01 15:17:00,71.60164487530106,3.4685764367379073,0.2531422330040442,OK
2025-06-01 15:18:00,70.94908131255792,3.130262550145982,0.1815800402776388,OK
2025-06-01 15:19:00,75.0352623432777,3.2454704874706395,0.11907076954618039,OK
2025-06-01 15:20:00,75.84089149676274,3.131017602115245,0.2814597507909193,OK
2025-06-01 15:21:00,74.62754922130765,3.3631998099829823,0.26274038996737453,OK
2025-06-01 15:22:00,70.93560714972628,3.0819007662022195,0.1268807327151996,OK
2025-06-01 15:23:00,75.61607338499623,2.6449619260341275,0.22907532160443073,OK
2025-06-01 15:24:00,72.73876223626544,3.023068750400669,0.182407919859876,OK
2025-06-01 15:25:00,75.7688408427837,2.766525168372004,0.2109554780536303,OK
2025-06-01 15:26:00,75.67744207862222,2.7975018328338996,0.2012134757568624,OK
2025-06-01 15:27:00,72.71775718691902,3.180903553346989,0.20596130291478176,OK
2025-06-01 15:28:00,73.77841620712233,3.39552215041849,0.1640113686321318,OK
2025-06-01 15:29:00,72.67476512340728,3.081216993393118,0.15140351337905536,OK
2025-06-01 15:30:00,74.63581901415166,3.0679016297612853,0.14977191495352965,OK
2025-06-01 15:31:00,76.28271695501579,3.4857858584751105,0.15951775341676194,OK
2025-06-01 15:32:00,72.96472056656982,3.129709554790508,0.21368700643050603,OK
2025-06-01 15:33:00,75.72778921261202,3.795333781180634,0.15313087596187372,OK
2025-06-01 15:34:00,72.474760418254,3.2330354692488616,0.24386301047919048,OK
2025-06-01 15:35:00,74.44074034772613,2.4862075724037465,0.2883571720365198,OK
2025-06-01 15:36:00,75.33032410719922,3.1681466553956965,0.16471079488075216,OK
2025-06-01 15:37:00,72.74136499269876,3.0476910977259433,0.20919508883816654,OK
2025-06-01 15:38:00,73.90211091417594,3.3093502137718773,0.214621163041409,OK
2025-06-01 15:39:00,72.01841704116352,3.235056997118911,0.22156550213516069,OK
2025-06-01 15:40:00,79.77731170473821,3.017893045959218,0.20343186365237506,OK
2025-06-01 15:41:00,76.01917145133002,2.7251786361825094,0.24373062089880984,OK
2025-06-01 15:42:00,73.6788958481381,2.9794482894303544,0.23501428234423735,OK
2025-06-01 15:43:00,75.93972514356112,2.8029857926139594,0.13063591823741863,OK
2025-06-01 15:44:00,74.8629872900853,2.796842148425899,0.22378455257720373,OK
2025-06-01 15:45:00,73.8896980814956,3.11875273048899,0.2441520940705747,OK
2025-06-01 15:46:00,76.02242171560502,3.5434753179262994,0.16477107009075734,OK
2025-06-01 15:47:00,76.5809794034806,3.1392854965588644,0.2043910686492305,OK
2025-06-01 15:48:00,73.71172384540722,2.646607300106489,0.23089971716546306,OK
2025-06-01 15:49:00,73.73903687999312,3.1527493744976915,0.1907818300176713,OK
2025-06-01 15:50:00,74.40419682694215,3.3751487201166057,0.2688033504718231,OK
2025-06-01 15:51:00,70.35571842159611,2.8812559716968633,0.3220109664205932,OK
2025-06-01 15:52:00,71.99574712085163,3.0245441292389725,0.15696701411822006,OK
2025-06-01 15:53:00,77.20344600169075,3.031617476035777,0.1259457916713513,OK
2025-06-01 15:54:00,77.93142735243859,2.8068206497034742,0.2134924062034665,OK
2025-06-01 15:55:00,73.85963578803725,3.2201872577743966,0.2524455248746136,OK
2025-06-01 15:56:00,76.64202170095463,2.9406570688159346,0.1866236742124996,OK
2025-06-01 15:57:00,74.56967683816691,3.1636879669177653,0.27246508972084466,OK
2025-06-01 15:58:00,81.73455678856894,2.664027593216407,0.12824657430447453,OK
2025-06-01 15:59:00,77.93232452150058,2.921457087517771,0.2456357647260002,OK
2025-06-01 16:00:00,74.59307452354716,3.1569882603600297,0.1893053315095021,OK
2025-06-01 16:01:00,71.78735057488551,2.902440218712207,0.2904750258046787,OK
2025-06-01 16:02:00,71.6064520785012,3.4758314574487135,0.3004534966962602,OK
2025-06-01 16:03:00,75.37483519109004,2.9077785934693408,0.16203499894257495,OK
2025-06-01 16:04:00,72.98199939946694,3.06570915642917,0.14867907531671354,OK
2025-06-01 16:05:00,71.89788338390052,3.20003945165376,0.2504309029918383,OK
2025-06-01 16:06:00,74.47195183094662,2.5955252616710145,0.18198513167048272,OK
2025-06-01 16:07:00,73.16936757392209,2.4428613175641316,0.20201285960999535,OK
2025-06-01 16:08:00,77.91200121295608,2.5863604416696404,0.19415479908628347,OK
2025-06-01 16:09:00,75.96447992910119,3.3788415154648748,0.10017177340034626,OK
2025-06-01 16:10:00,74.82054605856187,2.854213605501668,0.1951978633302564,OK
2025-06-01 16:11:00,77.85315988810483,3.719581337949715,0.17572984113752171,OK
2025-06-01 16:12:00,75.4028362089769,2.8012591088314154,0.17155626051398049,OK
2025-06-01 16:13:00,73.00977324105965,3.0324334591540567,0.2930082033945387,OK
2025-06-01 16:14:00,78.30199794222024,3.5054681097824907,0.14148327947618755,OK
2025-06-01 16:15:00,77.04539710739944,3.685696720838011,0.22790343273744157,OK
2025-06-01 16:16:00,73.33325820256923,3.5781924854037754,0.18476639055089,OK
2025-06-01 16:17:00,74.59527839016741,3.4163522764108265,0.17949524035364411,OK
2025-06-01 16:18:00,73.15718825770384,3.198734886857154,0.21757477010438533,OK
2025-06-01 16:19:00,72.0560639709814,3.1180486147057405,0.23299727412958243,OK
2025-06-01 16:20:00,78.44267555128935,3.1855694000406527,0.2355620752831766,OK
2025-06-01 16:21:00,79.57552831675858,2.767018850629404,0.25374130620563623,OK
2025-06-01 16:22:00,73.36617972444964,2.6753609154839286,0.1850886174438309,OK
2025-06-01 16:23:00,77.3625927007036,3.0196376083836043,0.1555679875876881,OK
2025-06-01 16:24:00,74.72922980052645,2.9382412283561288,0.14090630227655573,OK
2025-06-01 16:25:00,74.6912752524984,2.883001855082073,0.1671472812488924,OK
2025-06-01 16:26:00,75.39880995609492,3.2434398685430903,0.3369425209676113,OK
2025-06-01 16:27:00,74.73397878627047,3.29987241222978,0.23691628587433122,OK
2025-06-01 16:28:00,76.9099775609597,3.0594102246950725,0.13017522161178968,OK
2025-06-01 16:29:00,74.70446544310407,3.4397824100044647,0.13245952662254612,OK
2025-06-01 16:30:00,77.8548418889059,2.598143596344661,0.22544893725007167,OK
2025-06-01 16:31:00,76.23500623722946,2.994792871257124,0.23464842630404373,OK
2025-06-01 16:32:00,77.22234515380376,2.755497697180102,0.23382024988818031,OK
2025-06-01 16:33:00,74.2256272853243,2.3932591999399606,0.18983990837475434,OK
2025-06-01 16:34:00,76.04876699425735,2.96629990045697,0.2056826008807221,OK
2025-06-01 16:35:00,78.80377417482437,2.9178352015201896,0.20120427839983474,OK
2025-06-01 16:36:00,77.72968398198184,3.4331634038731678,0.20934046845944043,OK
2025-06-01 16:37:00,75.4530663788309,3.206446201444607,0.09530036499599268,OK
2025-06-01 16:38:00,78.10475560403,2.7101610396635447,0.17611439561043793,OK
2025-06-01 16:39:00,77.73104824415198,3.511336266578975,0.14240097220016046,OK
2025-06-01 16:40:00,74.31959701738207,3.3419248400101687,0.2013011496806696,OK
2025-06-01 16:41:00,77.31747190926819,3.228345961279097,0.3426475357050176,OK
2025-06-01 16:42:00,75.73965877381404,2.9568747762317473,0.22590827790873955,OK
2025-06-01 16:43:00,79.57387097189809,2.8159214809503834,0.17817812785446915,OK
2025-06-01 16:44:00,75.87103288127422,2.9473443758657605,0.23752658991605058,OK
2025-06-01 16:45:00,73.56208978631572,3.383839239339253,0.21801805699351506,OK
2025-06-01 16:46:00,74.47509198838455,3.495982464257593,0.2321910478641342,OK
2025-06-01 16:47:00,79.02962054984172,3.5011660760633276,0.2304729634045531,OK
2025-06-01 16:48:00,77.5734531260711,2.8506898333792723,0.30103466798790796,OK
2025-06-01 16:49:00,75.70591279899664,2.636565679836384,0.1423555232466937,OK
2025-06-01 16:50:00,80.13645352296366,3.050666641099988,0.23660220718383795,OK
2025-06-01 16:51:00,75.786715569844,2.5167287670617187,0.14618922623489067,OK
2025-06-01 16:52:00,78.06738107196726,3.121991893805645,0.24093071522651346,OK
2025-06-01 16:53:00,75.28004928941277,2.9117955340432964,0.15617063741491033,OK
2025-06-01 16:54:00,78.13620933429523,2.8973119951191584,0.17752746549999232,OK
2025-06-01 16:55:00,79.35433009629638,2.489709702716163,0.2102545092674475,OK
2025-06-01 16:56:00,77.15131007989612,3.164914187919129,0.23823444106924951,OK
2025-06-01 16:57:00,77.42770281244853,2.82502224472757,0.24238586460145062,OK
2025-06-01 16:58:00,80.66143778218071,2.6380816367001323,0.12538981878604077,OK
2025-06-01 16:59:00,77.5097548133961,2.1766334847675304,0.21227132525535414,OK
2025-06-01 17:00:00,80.65088022819685,2.9397358424940143,0.18141289659905815,OK
2025-06-01 17:01:00,77.35050912030319,3.62893523271477,0.1537739822802797,OK
2025-06-01 17:02:00,80.454090745746,3.407323460899636,0.2013886350102415,OK
2025-06-01 17:03:00,81.36957483096413,2.832987738861376,0.18259965589924937,OK
2025-06-01 17:04:00,74.84043661168987,2.837846976388553,0.3176834145423777,OK
2025-06-01 17:05:00,77.72860470479426,3.1698479851442727,0.20493629354309414,OK
2025-06-01 17:06:00,80.73385805681316,2.695460582214927,0.15147786031410607,OK
2025-06-01 17:07:00,79.6337123208699,3.0876680347957626,0.17645108057293757,OK
2025-06-01 17:08:00,79.5633860440964,3.2503515877817875,0.24614959572277512,OK
2025-06-01 17:09:00,78.22135301811966,3.356526493292408,0.31770270753336594,OK
2025-06-01 17:10:00,79.42504023896468,3.0396128399527593,0.11097318922050207,OK
2025-06-01 17:11:00,78.49265551502558,2.9808653306584905,0.1100700010852745,OK
2025-06-01 17:12:00,82.16721056940851,2.7802464415233135,0.2918219674256808,OK
2025-06-01 17:13:00,81.49326317847503,2.703628057619521,0.2258674802673482,OK
2025-06-01 17:14:00,79.5541614267719,2.928086911209257,0.15594962801432047,OK
2025-06-01 17:15:00,79.02945249589867,3.0951863546088183,0.21222217539500954,OK
2025-06-01 17:16:00,79.2847575118547,3.2237953190855015,0.0689683767758565,OK
2025-06-01 17:17:00,79.20647297644513,2.777054523993185,0.21065741674861166,OK
2025-06-01 17:18:00,80.81274226854897,3.4209242827988655,0.21609889458361442,OK
2025-06-01 17:19:00,78.65917662548078,2.951433111179741,0.25396465819278236,OK
2025-06-01 17:20:00,80.9170486129011,2.9400802335507525,0.13884990752863258,OK
2025-06-01 17:21:00,84.06387689521507,2.861788526897744,0.20402175013746943,OK
2025-06-01 17:22:00,81.00909759960022,2.2279112889885146,0.14748366414613487,OK
2025-06-01 17:23:00,80.37740984994129,3.2761787357683367,0.22023899618476298,OK
2025-06-01 17:24:00,83.38413331706299,3.2606461346471334,0.15554759950446875,OK
2025-06-01 17:25:00,79.78254406399047,2.8870697113545303,0.18649569480535513,OK
2025-06-01 17:26:00,76.68150435414915,3.062720647339109,0.16108633452206722,OK
2025-06-01 17:27:00,79.23455422371894,3.093322585421209,0.23947299784239676,OK
2025-06-01 17:28:00,77.15450558432728,2.603842127893165,0.24565374017576974,OK
2025-06-01 17:29:00,80.60325316608197,2.8419916600443997,0.17828684891701527,OK
2025-06-01 17:30:00,80.81271877352007,3.208458833488104,0.2018840386413324,OK
2025-06-01 17:31:00,85.00384136820941,2.6087540844278534,0.12223952524816446,OK
2025-06-01 17:32:00,81.8795742436605,3.128513343119625,0.1815755280326184,OK
2025-06-01 17:33:00,80.794503306145,2.5638026940204566,0.19374442764041028,OK
2025-06-01 17:34:00,82.22981076876474,3.102461110258919,0.32124039880367633,OK
2025-06-01 17:35:00,76.99758921868282,2.978230725431568,0.12482826281995192,OK
2025-06-01 17:36:00,81.40198532581162,2.4566123495898484,0.2665274314543442,OK
2025-06-01 17:37:00,82.63967445164536,3.440449001734242,0.251776733192532,OK
2025-06-01 17:38:00,78.1225768802119,2.751302797399849,0.20055004977023194,OK
2025-06-01 17:39:00,83.31217956518785,2.798505108204706,0.28808784657447295,OK
2025-06-01 17:40:00,83.36751922001488,3.0706442633516713,0.2376079578734528,OK
2025-06-01 17:41:00,81.53358616550418,3.295364502304516,0.22968852533591883,OK
2025-06-01 17:42:00,83.99459170439023,2.6949557188458444,0.21377938244032804,OK
2025-06-01 17:43:00,85.76913418573052,3.057704093919929,0.26508972289025867,OK
2025-06-01 17:44:00,82.30890712376589,3.1192318833448565,0.26649855992040866,OK
2025-06-01 17:45:00,81.82958685748606,3.2675873294714948,0.1614764883205115,OK
2025-06-01 17:46:00,80.78368201860239,3.1040082362222607,0.12759423759984181,OK
2025-06-01 17:47:00,79.9618507844375,2.93583739100792,0.16245956606884243,OK
2025-06-01 17:48:00,84.47141841017863,2.728740095191734,0.17185952652054068,OK
2025-06-01 17:49:00,80.3510240417947,2.971851042524838,0.2122270110674311,OK
2025-06-01 17:50:00,83.00898043274309,2.647678916136178,0.25634013428073427,OK
2025-06-01 17:51:00,81.74875560151528,2.1334069019849538,0.17459540018168815,OK
2025-06-01 17:52:00,84.58214083659041,3.158257276923918,0.19032020979751166,OK
2025-06-01 17:53:00,82.47031566684323,3.1626018820878365,0.20672767225519467,OK
2025-06-01 17:54:00,85.31776183504236,2.290714609256861,0.25367086956329665,OK
2025-06-01 17:55:00,82.23660472291802,2.7049852498531783,0.07022781356195934,OK
2025-06-01 17:56:00,81.72732955462084,3.171869065485782,0.1737593705681577,OK
2025-06-01 17:57:00,81.37015983968703,3.681812332864304,0.2077974668967822,OK
2025-06-01 17:58:00,82.17395832316996,3.027327116015166,0.26113789174100993,OK
2025-06-01 17:59:00,83.605686976716,2.8471087130353046,0.17999481764143266,OK
2025-06-01 18:00:00,84.13718536920169,2.9343330416510365,0.1342903403101781,OK
2025-06-01 18:01:00,80.9016422641111,3.4593368003698015,0.26210160249842623,OK
2025-06-01 18:02:00,85.93999728508922,2.8879640659890153,0.2003969263515266,OK
2025-06-01 18:03:00,85.95784828286753,2.825827070468557,0.1866755252658964,OK
2025-06-01 18:04:00,84.534517721786,2.8005698636739536,0.21157792505232265,OK
2025-06-01 18:05:00,86.7450766076492,2.701317613645267,0.2337390611654672,OK
2025-06-01 18:06:00,81.51978156084283,3.0195428595259486,0.19996464196722985,OK
2025-06-01 18:07:00,81.57932118895691,3.5118662642946847,0.1309991908521555,OK
2025-06-01 18:08:00,79.36576134616442,3.1312414596855356,0.3010551913211661,OK
2025-06-01 18:09:00,86.45282344756845,2.882349315660827,0.3134878064027703,OK
2025-06-01 18:10:00,85.06443848558092,2.9158485450211837,0.2906904016046389,OK
2025-06-01 18:11:00,83.75356218522977,2.4300463907831964,0.21445172055798487,OK
2025-06-01 18:12:00,84.34978759505618,3.337030183434242,0.25613426880483886,OK
2025-06-01 18:13:00,81.8966805396698,2.9510301288623246,0.2585802011598283,OK
2025-06-01 18:14:00,89.25803233965513,2.948649222915037,0.28495641005461925,OK
2025-06-01 18:15:00,84.71621339798665,3.9424497846540554,0.2701600094880033,OK
2025-06-01 18:16:00,83.88669170497637,3.1469272512603763,0.22603784058318213,OK
2025-06-01 18:17:00,85.54061147772747,2.632587362901576,0.2674219313435222,OK
2025-06-01 18:18:00,85.86090743210033,2.8712622040220412,0.2955018593899057,OK
2025-06-01 18:19:00,85.2669509388276,3.3392427748841413,0.34213813978695856,OK
2025-06-01 18:20:00,82.17483241864522,3.0112993037817453,0.30505945108041255,OK
2025-06-01 18:21:00,85.63123947851844,2.6548279337865717,0.29684871848142524,OK
2025-06-01 18:22:00,87.35785094112698,3.2314022074297726,0.2721334252568661,OK
2025-06-01 18:23:00,87.36757387499843,2.8381465832000847,0.35478313855425675,ERRO
2025-06-01 18:24:00,88.85887485210404,3.579801972300568,0.319292785729555,OK
2025-06-01 18:25:00,83.29759213774938,3.38709038234117,0.23976781900829566,OK
2025-06-01 18:26:00,82.46795044477726,2.8324439770634995,0.3593959763306084,ERRO
2025-06-01 18:27:00,85.06511441742131,3.3476564635643458,0.33252121101926424,OK
2025-06-01 18:28:00,84.3450741926007,3.075160148532091,0.2599920241385354,OK
2025-06-01 18:29:00,86.9473824064215,3.277098167953171,0.2720985553540315,OK
2025-06-01 18:30:00,82.05901995257732,3.0681729778545046,0.301980838219033,OK
2025-06-01 18:31:00,87.95803811708657,2.719127752779574,0.32851634490778303,OK
2025-06-01 18:32:00,84.85243137004056,2.8262541829971646,0.3102394032547485,OK
2025-06-01 18:33:00,84.87511463486067,3.3508764563516777,0.3195626100398068,OK
2025-06-01 18:34:00,83.61369996963991,2.86560586770839,0.3803364397166585,ERRO
2025-06-01 18:35:00,82.32118329160208,2.7331926615365543,0.3659639369040547,ERRO
2025-06-01 18:36:00,87.0446192242687,2.739624385482046,0.33784726320594116,OK
2025-06-01 18:37:00,85.96985744678514,3.0660636851808394,0.3466066652486491,OK
2025-06-01 18:38:00,83.06675457403585,3.517890535866823,0.25674836664588196,OK
2025-06-01 18:39:00,83.41763973319746,2.5381238294745114,0.3361364778719328,OK
2025-06-01 18:40:00,84.92921082001652,3.0479648800117145,0.41440532897370225,ERRO
2025-06-01 18:41:00,89.16635655333877,3.430097039144877,0.30173009047875243,OK
2025-06-01 18:42:00,84.97578814974051,2.9648247635906726,0.24966774750306142,OK
2025-06-01 18:43:00,83.03651179629836,3.2051627570230585,0.3035190960816075,OK
2025-06-01 18:44:00,85.23366670634536,2.7131481757070897,0.2778069536325195,OK
2025-06-01 18:45:00,85.09853466054929,3.2093071312983907,0.27016787232672285,OK
2025-06-01 18:46:00,81.00691407196415,2.8742199468902854,0.3043862489248549,OK
2025-06-01 18:47:00,86.33948869760677,3.293991467506261,0.2765427138426703,OK
2025-06-01 18:48:00,86.34162810856446,3.275380146722025,0.3485500201225652,OK
2025-06-01 18:49:00,87.6592620051408,3.765399976012811,0.38994329689080537,ERRO
2025-06-01 18:50:00,90.45470243240455,3.161459159275739,0.2904460033619161,OK
2025-06-01 18:51:00,89.1516444231218,3.1290695768378036,0.41654090581325154,ERRO
2025-06-01 18:52:00,86.37807685948954,3.060593484530296,0.36612908055233373,ERRO
2025-06-01 18:53:00,84.13794043659297,2.9252204690707893,0.4068620600252837,ERRO
2025-06-01 18:54:00,92.05557220190667,3.136717159695452,0.3045523798880117,OK
2025-06-01 18:55:00,87.20502962912164,3.0191260108274482,0.3830226951842356,ERRO
2025-06-01 18:56:00,87.00632218913915,3.034773460116578,0.30601237996251857,OK
2025-06-01 18:57:00,85.95373712724772,3.348228125649069,0.3967269883348111,ERRO
2025-06-01 18:58:00,87.5919922229697,2.710341411181928,0.3771867671264931,ERRO
2025-06-01 18:59:00,88.00347434409196,3.3018495669817365,0.37790946424588945,ERRO
2025-06-01 19:00:00,85.92893775889621,3.469232558623786,0.29978641016600205,OK
2025-06-01 19:01:00,85.8688767344207,2.9504185399554146,0.3072882008225404,OK
2025-06-01 19:02:00,87.51815266404681,2.335164711903722,0.3933527592458923,ERRO
2025-06-01 19:03:00,86.53667624638284,2.7940876178141143,0.30336675067196656,OK
2025-06-01 19:04:00,86.70836445956493,3.4250192351419146,0.3860054993827483,ERRO
2025-06-01 19:05:00,87.19196657843437,2.985252232148761,0.28715398874922554,OK
2025-06-01 19:06:00,87.53412765124477,2.6681259893050076,0.42137325942094217,ERRO
2025-06-01 19:07:00,91.05194072638407,2.9318351195127113,0.3197169428490445,OK
2025-06-01 19:08:00,82.44608259213064,3.2093775159182782,0.3866414835031834,ERRO
2025-06-01 19:09:00,90.24180459898666,3.1657983741620637,0.42310141679553365,ERRO
2025-06-01 19:10:00,90.96669812076932,2.960935677829603,0.37076847173512484,ERRO
2025-06-01 19:11:00,84.31952797896676,2.8083859209347404,0.4123462023481821,ERRO
2025-06-01 19:12:00,86.84361766836525,2.9064855803571494,0.39154767942519086,ERRO
2025-06-01 19:13:00,87.83805163274295,2.6705215608764266,0.3883898206953303,ERRO
2025-06-01 19:14:00,85.39383833819885,3.5257518458825325,0.3256230871422784,OK
2025-06-01 19:15:00,86.79236146277073,2.8551713086406494,0.29346218514835315,OK
2025-06-01 19:16:00,86.19735635230788,3.3997860078400923,0.4128230288887723,ERRO
2025-06-01 19:17:00,91.88168069898079,3.511686468891471,0.330907540168067,OK
2025-06-01 19:18:00,90.9898236001751,3.3425650957260284,0.4062127009891561,ERRO
2025-06-01 19:19:00,91.0942160341843,2.8830797385964906,0.3818412502380031,ERRO
2025-06-01 19:20:00,89.54688764680945,2.609553979954498,0.42444529506803025,ERRO
2025-06-01 19:21:00,86.27879987128922,2.4494275856427943,0.38147950682304543,ERRO
2025-06-01 19:22:00,87.8443269263482,2.27345566907544,0.373458337073194,ERRO
2025-06-01 19:23:00,90.46772837390085,2.518854762638534,0.43707178841226163,ERRO
2025-06-01 19:24:00,86.80201534278098,2.0364637444808062,0.411110939655601,ERRO
2025-06-01 19:25:00,90.01580459785569,2.817108495174169,0.4008674199262414,ERRO
2025-06-01 19:26:00,89.84737129770157,2.2338514489120267,0.43601483737417535,ERRO
2025-06-01 19:27:00,88.53852493486215,2.4113954465262264,0.31824466860535433,OK
2025-06-01 19:28:00,91.2857459586728,2.3968641193698472,0.42515806594959604,ERRO
2025-06-01 19:29:00,90.10915181824376,2.267748233307055,0.4289408483558047,ERRO
2025-06-01 19:30:00,88.91158146156884,2.5269448530158733,0.34984955923085176,OK
2025-06-01 19:31:00,92.17557978863594,2.210263199541205,0.3703313090604996,ERRO
2025-06-01 19:32:00,87.95450838911954,2.6350414579738866,0.4013511122898761,ERRO
2025-06-01 19:33:00,91.33844481381382,1.9341451950078161,0.3828035850930107,ERRO
2025-06-01 19:34:00,91.27054222200341,2.325471712161627,0.4338032864203346,ERRO
2025-06-01 19:35:00,88.9419567205991,2.854377611550673,0.47680794421232653,ERRO
2025-06-01 19:36:00,90.15533774712429,1.993524418093072,0.45008933648254834,ERRO
2025-06-01 19:37:00,87.52337308480357,2.11392820539477,0.3269373626252562,OK
2025-06-01 19:38:00,92.24426631579037,2.3996184996544434,0.4300538224396662,ERRO
2025-06-01 19:39:00,89.51883537672572,2.255055673030779,0.4725745733926034,ERRO
2025-06-01 19:40:00,89.48713994181912,2.2656906572640225,0.4190854847486082,ERRO
2025-06-01 19:41:00,92.82432682441687,2.2701480497367315,0.4523774331879298,ERRO
2025-06-01 19:42:00,88.13315215937777,2.404889344460562,0.5011972251932173,ERRO
2025-06-01 19:43:00,86.76461705537474,2.5284755454355112,0.4451468879929795,ERRO
2025-06-01 19:44:00,86.81655412349953,2.303987686377365,0.40903337051365607,ERRO
2025-06-01 19:45:00,91.36582623678588,2.0588708907171247,0.43139649931518764,ERRO
2025-06-01 19:46:00,87.17685778812391,2.395307253452508,0.4169816539633683,ERRO
2025-06-01 19:47:00,94.1856897034023,2.6544543079132366,0.4041831299674654,ERRO
2025-06-01 19:48:00,86.04817461499178,2.102176236496313,0.3746947297739791,ERRO
2025-06-01 19:49:00,93.41263626070044,1.7854142087768667,0.49715801775515783,ERRO
2025-06-01 19:50:00,89.70408017247097,2.366924053856473,0.3599487315068238,ERRO
2025-06-01 19:51:00,89.14866586804546,2.0442368038609677,0.4662569505141539,ERRO
2025-06-01 19:52:00,89.050666451523,1.4049128261879595,0.4335605804017232,ERRO
2025-06-01 19:53:00,89.73197441562672,2.2938142715432557,0.33401517342499554,OK
2025-06-01 19:54:00,90.43104929997234,1.8507118421282271,0.4223282645044133,ERRO
2025-06-01 19:55:00,92.12752684184689,1.963698984411316,0.2907411185709029,OK
2025-06-01 19:56:00,91.85000178212144,2.1972735683794435,0.43578035807933213,ERRO
2025-06-01 19:57:00,91.4545616482318,2.0801308521355573,0.44164399124723863,ERRO
2025-06-01 19:58:00,89.18205104094852,2.1982522522098282,0.37594161673385573,ERRO
2025-06-01 19:59:00,89.8329402512922,1.809726655434869,0.3871279402576728,ERRO
2025-06-01 20:00:00,91.11339429478514,2.124579454555122,0.49336913705772245,ERRO
2025-06-01 20:01:00,87.43124951964576,1.8538328369936727,0.3919342157649851,ERRO
2025-06-01 20:02:00,86.48461462707056,2.1142577297310394,0.339383946093167,OK
2025-06-01 20:03:00,90.59334045536808,2.0462436231435186,0.4680447871481981,ERRO
2025-06-01 20:04:00,90.03071347347868,1.5776413630831971,0.49364974614204,ERRO
2025-06-01 20:05:00,89.92340211888157,2.015099435015129,0.38803672223350594,ERRO
2025-06-01 20:06:00,90.28530466138459,1.683074341764001,0.42849034400813535,ERRO
2025-06-01 20:07:00,91.23004913821526,2.0368341151889706,0.46476793179130793,ERRO
2025-06-01 20:08:00,88.32063187519863,1.9941675200215028,0.3642343826138974,ERRO
2025-06-01 20:09:00,87.28531861771093,2.3422773790428923,0.37520965754622004,ERRO
2025-06-01 20:10:00,90.82069760784643,1.648874353152276,0.4600949400382579,ERRO
2025-06-01 20:11:00,87.62915630828732,1.6535805186755264,0.4846811226439294,ERRO
2025-06-01 20:12:00,89.80726157923462,1.6882448755747579,0.4383724577242254,ERRO
2025-06-01 20:13:00,86.66736466450402,1.664600493906355,0.35410482046560515,ERRO
2025-06-01 20:14:00,92.45489911876062,1.9719212431474151,0.49361222981409936,ERRO
2025-06-01 20:15:00,90.88416639876544,1.2658973497490744,0.3706402002605209,ERRO
2025-06-01 20:16:00,90.28313527553651,1.3327569817728149,0.3890365785389952,ERRO
2025-06-01 20:17:00,91.88570085181809,1.3552725718159104,0.43123716050991356,ERRO
2025-06-01 20:18:00,93.14565750772476,1.8762614776758133,0.47142658364404694,ERRO
2025-06-01 20:19:00,91.35471657406617,2.193186287102697,0.4436881366979001,ERRO
2025-06-01 20:20:00,85.96091119884149,1.6250435760694608,0.42412684943745516,ERRO
2025-06-01 20:21:00,87.7014860190355,1.5900857630798826,0.4132386464386171,ERRO
2025-06-01 20:22:00,88.9112021152969,1.6225458758641205,0.40237990510430255,ERRO
2025-06-01 20:23:00,90.13621200340508,1.9562586570610274,0.4132502371525044,ERRO
2025-06-01 20:24:00,90.53774380001155,1.3744747832741995,0.2558314930778909,OK
2025-06-01 20:25:00,88.45776079262524,1.6152269964610884,0.3888370911254327,ERRO
2025-06-01 20:26:00,89.28500100573272,1.8429698089897981,0.40822734933253124,ERRO
2025-06-01 20:27:00,88.57847246723605,1.62500744326926,0.34447209989523686,OK
2025-06-01 20:28:00,89.49139324792289,1.527954190522895,0.4191372161204945,ERRO
2025-06-01 20:29:00,86.44961174028249,1.8052044924248078,0.38001243846405597,ERRO
2025-06-01 20:30:00,87.86056967111931,0.7442269894353242,0.4873212418961312,ERRO
2025-06-01 20:31:00,87.4611841781224,1.6905485546466936,0.46631997321059426,ERRO
2025-06-01 20:32:00,88.67467481125908,1.2919814685961666,0.39061944512410585,ERRO
2025-06-01 20:33:00,91.88317128506561,0.9304658687178446,0.37889841097306565,ERRO
2025-06-01 20:34:00,87.75507705770316,1.626622946315278,0.39434476900989457,ERRO
2025-06-01 20:35:00,94.28030255846674,1.9268461363343286,0.3669943103115464,ERRO
2025-06-01 20:36:00,91.03835486641583,1.3839025633527604,0.4154554609350143,ERRO
2025-06-01 20:37:00,91.39071026746161,1.8499093429942182,0.35877158284280547,ERRO
2025-06-01 20:38:00,88.4219636706199,1.9504123624901206,0.3382825660569116,OK
2025-06-01 20:39:00,91.38948026922613,1.9305695103471212,0.439667576645529,ERRO
2025-06-01 20:40:00,89.00976550290794,1.9284894289417238,0.43177078512786604,ERRO
2025-06-01 20:41:00,90.23847362731642,1.7560802538488787,0.36495065647636005,ERRO
2025-06-01 20:42:00,94.71366189040752,1.5562273220612028,0.43495451217295533,ERRO
2025-06-01 20:43:00,90.21952015838956,1.0386203600311443,0.3543729441024584,ERRO
2025-06-01 20:44:00,92.41142741412722,1.376459827471026,0.4137303415223004,ERRO
2025-06-01 20:45:00,88.60245377571505,1.2595034308850463,0.4378287370756755,ERRO
2025-06-01 20:46:00,89.44234000536694,2.0921300060126247,0.4045837184893538,ERRO
2025-06-01 20:47:00,94.19335523723839,1.43459609351549,0.42193796108043125,ERRO
2025-06-01 20:48:00,89.07841725709102,1.5884320970831123,0.3762292711979678,ERRO
2025-06-01 20:49:00,93.3484366973102,1.7052807091656774,0.3739428455291827,ERRO
2025-06-01 20:50:00,91.91641629775192,1.5138398810387579,0.4085913978521256,ERRO
2025-06-01 20:51:00,88.62628102901887,1.9597749833330838,0.36102866282266777,ERRO
2025-06-01 20:52:00,90.87381373185553,1.3454845770883743,0.3981371615476029,ERRO
2025-06-01 20:53:00,91.56525734051331,1.559351298456074,0.3142081683546164,OK
2025-06-01 20:54:00,90.35808564789035,1.1612430443790642,0.37852241166506817,ERRO
2025-06-01 20:55:00,87.0953217504282,1.1431247379496141,0.372727777696269,ERRO
2025-06-01 20:56:00,87.63015320918107,1.3152576310349295,0.39171169075782775,ERRO
2025-06-01 20:57:00,88.8907408132641,1.54901152328463,0.3843653868626028,ERRO
2025-06-01 20:58:00,88.81333913726064,1.3164458067026814,0.3972036950463492,ERRO
2025-06-01 20:59:00,91.19830934870592,1.1334385153780429,0.4309518162056042,ERRO
2025-06-01 21:00:00,90.28024177173057,1.0920589538157088,0.43140045059442333,ERRO
2025-06-01 21:01:00,87.16596317598662,1.4896465120454905,0.36066682135145867,ERRO
2025-06-01 21:02:00,90.23910685467663,0.9640503064103769,0.34441320004141046,OK
2025-06-01 21:03:00,90.63505461384932,1.6790918118135507,0.36887999413331235,ERRO
2025-06-01 21:04:00,91.35176582763538,1.662492813066346,0.37425903059363885,ERRO
2025-06-01 21:05:00,91.886285485255,1.047454019452831,0.3883152952884139,ERRO
2025-06-01 21:06:00,91.82602346986587,1.4437852257038517,0.3604304819915424,ERRO
2025-06-01 21:07:00,90.47573581539477,1.241820086954406,0.35461662273506833,ERRO
2025-06-01 21:08:00,89.95019994846824,1.491237208183096,0.3597217419566381,ERRO
2025-06-01 21:09:00,87.32971715162604,1.8936222214671479,0.41001754145239216,ERRO
2025-06-01 21:10:00,91.15231933846157,0.9241680310919715,0.41349603295615767,ERRO
2025-06-01 21:11:00,90.20916846521797,1.5145139118108069,0.34706313163921676,OK
2025-06-01 21:12:00,90.6717571595687,1.446228119554688,0.3823247294240065,ERRO
2025-06-01 21:13:00,87.32617026109428,1.7146154365174215,0.35506006251910904,ERRO
2025-06-01 21:14:00,87.84182701153084,1.5564531409086162,0.3955796721038392,ERRO
2025-06-01 21:15:00,91.94350018059156,1.211208892080986,0.35651662739006174,ERRO
2025-06-01 21:16:00,89.838722089344,1.4285930588781115,0.45963938500277257,ERRO
2025-06-01 21:17:00,91.46904807128234,1.163723655192832,0.3081249240229801,OK
2025-06-01 21:18:00,89.55995740246995,1.7202842687153694,0.3871197599898777,ERRO
2025-06-01 21:19:00,89.5515728654965,1.5433525193366608,0.40856171876344827,ERRO
2025-06-01 21:20:00,91.1822963350364,2.09570821933267,0.4121440515665312,ERRO
2025-06-01 21:21:00,88.1677749913134,1.4789319876019116,0.5322693464484687,ERRO
2025-06-01 21:22:00,89.58360020777172,1.2177055446891076,0.41338481640109814,ERRO
2025-06-01 21:23:00,89.15518067599197,1.0104901351824478,0.36798625547990277,ERRO
2025-06-01 21:24:00,88.68461378738944,0.9459207597388914,0.4069986372773897,ERRO
2025-06-01 21:25:00,89.63846298517826,0.9449645186696474,0.31255514980066973,OK
2025-06-01 21:26:00,90.4616244176437,1.5431865624022834,0.3729278931757223,ERRO
2025-06-01 21:27:00,88.05825064995402,1.6852340238778143,0.3547371049174364,ERRO
2025-06-01 21:28:00,92.83900004325788,1.0970080576048211,0.47279978942205897,ERRO
2025-06-01 21:29:00,88.61618471835685,1.747539756589907,0.3702163696038262,ERRO
2025-06-01 21:30:00,89.12932537425986,1.3929061022107732,0.40519387993077427,ERRO
2025-06-01 21:31:00,89.33063365489915,1.4483349000662913,0.38264153194930584,ERRO
2025-06-01 21:32:00,92.46570665000287,2.016638750532308,0.4891322067512263,ERRO
2025-06-01 21:33:00,90.44194474139732,1.7288543740232853,0.37551964537542293,ERRO
2025-06-01 21:34:00,91.43143987545979,1.4348080864636485,0.4672747288561312,ERRO
2025-06-01 21:35:00,86.13232602765876,1.2202547114634283,0.4475492201920029,ERRO
2025-06-01 21:36:00,90.34269193693203,0.9204760800903999,0.41595577633853387,ERRO
2025-06-01 21:37:00,91.71739711810946,1.2405322218102781,0.4201981618847529,ERRO
2025-06-01 21:38:00,89.96572813174355,1.4680412432297834,0.407191661514919,ERRO
2025-06-01 21:39:00,91.53894547101942,1.189870768689818,0.3009639956280175,OK
2025-06-01 21:40:00,88.76547356873368,1.4527076359718252,0.38639302084147276,ERRO
2025-06-01 21:41:00,92.95334225666151,1.5138628702296697,0.4449438343696591,ERRO
2025-06-01 21:42:00,94.57534973217724,1.3902595502328712,0.38640691895277063,ERRO
2025-06-01 21:43:00,89.3655733944203,1.3042942774576285,0.34170961714743475,OK
2025-06-01 21:44:00,88.77393735697135,1.5474639904839274,0.3914108296238068,ERRO
2025-06-01 21:45:00,93.49262791159349,1.6446442072911593,0.46846058120824213,ERRO
2025-06-01 21:46:00,92.57105762318405,1.1771055340517895,0.4612543515771013,ERRO
2025-06-01 21:47:00,89.19806009423682,1.9631794414044927,0.39724355262196304,ERRO
2025-06-01 21:48:00,89.75057191228827,1.5165989911170898,0.44917835818462193,ERRO
2025-06-01 21:49:00,89.67688482865344,1.4531237207920644,0.3952959730184482,ERRO
2025-06-01 21:50:00,87.20983686439904,1.7559029520065055,0.31244193229130546,OK
2025-06-01 21:51:00,87.89854758370012,1.5106480180235575,0.35258050434983457,ERRO
2025-06-01 21:52:00,88.50976229201899,1.8153337845808601,0.467112594613079,ERRO
2025-06-01 21:53:00,87.75291740716091,1.6171241887956906,0.3945058809374138,ERRO
2025-06-01 21:54:00,89.44556809503662,1.2207029430247434,0.38967389167203015,ERRO
2025-06-01 21:55:00,90.26965058232719,1.613100019888301,0.38080781291331434,ERRO
2025-06-01 21:56:00,93.71982786438414,1.133457332135786,0.4761600825439957,ERRO
2025-06-01 21:57:00,88.19317573654287,1.494629648836188,0.4957420677186541,ERRO
2025-06-01 21:58:00,91.48462191769805,1.5575736193416119,0.49866221202784616,ERRO
2025-06-01 21:59:00,89.41686845885653,1.404880985786367,0.3861349593863004,ERRO
2025-06-01 22:00:00,89.59391100864698,1.4211199001124184,0.4183646695481148,ERRO
2025-06-01 22:01:00,90.99474448821644,0.9392300333509627,0.3122022932427936,OK
2025-06-01 22:02:00,88.2440007361538,1.3696620149926324,0.45891162352338233,ERRO
2025-06-01 22:03:00,90.07894792773635,1.520771041041828,0.3203715466095966,OK
2025-06-01 22:04:00,91.13729484429331,1.6062754448826828,0.4180487477171878,ERRO
2025-06-01 22:05:00,91.3990173731086,1.218246240820417,0.33968301117109456,OK
2025-06-01 22:06:00,91.12376812311749,1.7708017862728385,0.3998293595877985,ERRO
2025-06-01 22:07:00,94.67913052380916,1.2136741973602994,0.34819332779120626,OK
2025-06-01 22:08:00,88.64954967195781,1.762745055190436,0.3603917267319199,ERRO
2025-06-01 22:09:00,88.22143018273401,1.6521263562329764,0.3673899351396971,ERRO
2025-06-01 22:10:00,88.49138774361707,1.1748909542281538,0.37501790680513103,ERRO
2025-06-01 22:11:00,89.13587318550107,2.1600437532187398,0.43696466220116226,ERRO
2025-06-01 22:12:00,89.37325727627766,1.1684602552177665,0.3508801824868991,ERRO
2025-06-01 22:13:00,91.82445465381389,1.7831900922788853,0.40124118745080684,ERRO
2025-06-01 22:14:00,92.65825552748707,1.859253081233851,0.44708204043064215,ERRO
2025-06-01 22:15:00,88.78285780238478,1.4159966399176378,0.35635803438023916,ERRO
2025-06-01 22:16:00,87.6373942526953,1.9612769222487185,0.34186831378324795,OK
2025-06-01 22:17:00,91.238505733652,1.4724267004438953,0.38329307854623695,ERRO
2025-06-01 22:18:00,88.53355874556675,1.5931425900071763,0.4559764572941033,ERRO
2025-06-01 22:19:00,91.16816845992251,1.5710202639630189,0.40339101127283605,ERRO
2025-06-01 22:20:00,90.17987135574667,1.4359176053585907,0.3858733432414917,ERRO
2025-06-01 22:21:00,86.57384251714569,1.7019368823622072,0.43647413465548335,ERRO
2025-06-01 22:22:00,93.09148790991985,1.7036959111806893,0.3415373626337338,OK
2025-06-01 22:23:00,93.48395055690703,0.9079126098113965,0.41612876439022783,ERRO
2025-06-01 22:24:00,88.58849367789189,1.8875085003291945,0.4147633143045379,ERRO
2025-06-01 22:25:00,88.86036606928786,0.9170190247279781,0.3786113625038852,ERRO
2025-06-01 22:26:00,90.73149311684129,1.8193096875096826,0.35149936045485786,ERRO
2025-06-01 22:27:00,91.4957222142202,1.8361950106461578,0.34868876484684475,OK
2025-06-01 22:28:00,91.38703216176522,1.1800568358547747,0.42020623786004746,ERRO
2025-06-01 22:29:00,94.51846818498827,1.3506491351126249,0.4575836089654755,ERRO
2025-06-01 22:30:00,88.95099458243517,1.3221316179632443,0.3617792016604047,ERRO
2025-06-01 22:31:00,88.48228623056998,1.503529485922395,0.42500256026383015,ERRO
2025-06-01 22:32:00,86.6926773844854,1.3453625897400414,0.2992523362289452,OK
2025-06-01 22:33:00,87.79967745635021,1.7455415640521466,0.3616626625953151,ERRO
2025-06-01 22:34:00,89.5640603505229,1.8626923166890164,0.4111577066165253,ERRO
2025-06-01 22:35:00,94.18506539424236,1.867981156901616,0.34471520613250217,OK
2025-06-01 22:36:00,89.43978531626249,1.2643459884703128,0.33699667512236686,OK
2025-06-01 22:37:00,90.56907826430499,1.4588442724146042,0.37041880289020623,ERRO
2025-06-01 22:38:00,89.20080392790953,0.9608995305802361,0.40643555507217527,ERRO
2025-06-01 22:39:00,92.27864622120221,1.3066302812524033,0.3938464637872552,ERRO
2025-06-01 22:40:00,95.20471485619812,1.8391446006557595,0.26405175232274614,OK
2025-06-01 22:41:00,89.02603056894866,2.0533705663250417,0.30788955178307736,OK
2025-06-01 22:42:00,88.09922432322318,1.0870760001323183,0.3763796751875453,ERRO
2025-06-01 22:43:00,91.64316283012822,1.346029002788732,0.4078795638110476,ERRO
2025-06-01 22:44:00,91.33174409717826,1.5237009837444369,0.24783698662527542,OK
2025-06-01 22:45:00,93.96156010623066,1.5603394388906837,0.3917361502333938,ERRO
2025-06-01 22:46:00,90.06979246010197,1.2185303461538624,0.3663138081391494,ERRO
2025-06-01 22:47:00,89.20035383068596,1.7076943466280259,0.4610750404230962,ERRO
2025-06-01 22:48:00,91.2528340463241,1.3692229896653276,0.35808838847286406,ERRO
2025-06-01 22:49:00,92.64221315542392,1.5274627062721033,0.4156416671810309,ERRO
2025-06-01 22:50:00,91.98739315451344,1.6227814738097135,0.40478566085601564,ERRO
2025-06-01 22:51:00,91.30583372161901,1.4409624576171716,0.30062660697733484,OK
2025-06-01 22:52:00,91.73337912582734,1.3406117441174241,0.42441957654974216,ERRO
2025-06-01 22:53:00,91.38459011232969,1.4609159894527508,0.3955669573504083,ERRO
2025-06-01 22:54:00,92.56779160354435,1.4202801118975321,0.42992305833149425,ERRO
2025-06-01 22:55:00,91.79823568778356,1.3885044506028423,0.606379186034087,ERRO
2025-06-01 22:56:00,90.3624911031285,1.3379359217964444,0.28008282951389174,OK
2025-06-01 22:57:00,90.64870192401554,1.9235917800279214,0.49704997335105283,ERRO
2025-06-01 22:58:00,92.62768834441759,1.7018213967962152,0.38600304244485045,ERRO
2025-06-01 22:59:00,88.55594848221851,1.4415454306051467,0.4252844986108969,ERRO
2025-06-01 23:00:00,90.45928724436541,1.6894924830838773,0.39702218411976176,ERRO
2025-06-01 23:01:00,89.14829222856848,1.3489659376193495,0.3535654041552183,ERRO
2025-06-01 23:02:00,90.8920244087828,1.8005672136996917,0.3699886797649017,ERRO
2025-06-01 23:03:00,92.08562472231866,1.592229245362362,0.4270768749653632,ERRO
2025-06-01 23:04:00,91.18958753139474,1.5000352813809958,0.3152038549755789,OK
2025-06-01 23:05:00,89.93185901906628,1.6807273623102992,0.4336493086870138,ERRO
2025-06-01 23:06:00,87.9430037725877,1.0039105676053515,0.37742894472022753,ERRO
2025-06-01 23:07:00,90.78909962730567,1.1042951380278194,0.31450139424929735,OK
2025-06-01 23:08:00,91.58392046286448,1.1552146799736,0.3942128328545841,ERRO
2025-06-01 23:09:00,93.95812437863711,1.5017061798978193,0.4538437040441569,ERRO
2025-06-01 23:10:00,88.67680993413191,1.9938418679024674,0.37829059997391684,ERRO
2025-06-01 23:11:00,90.54756767653335,2.2356538483796418,0.417055669548999,ERRO
2025-06-01 23:12:00,91.00350326171949,1.7327711018605156,0.37602837677782,ERRO
2025-06-01 23:13:00,92.7324358402302,1.6581520580959097,0.4419566537204618,ERRO
2025-06-01 23:14:00,89.0599009549969,0.896086729698542,0.4319261442243005,ERRO
2025-06-01 23:15:00,90.5121206693732,1.3477676884533265,0.48349529073962777,ERRO
2025-06-01 23:16:00,91.17207535504448,1.3167977389669048,0.39920030973886067,ERRO
2025-06-01 23:17:00,90.64737806008996,1.2949640372363884,0.4146983271983492,ERRO
2025-06-01 23:18:00,89.58193005658119,1.5171125589238987,0.4113622811797062,ERRO
2025-06-01 23:19:00,90.35847239516036,1.423010091166772,0.45380314157760204,ERRO
2025-06-01 23:20:00,93.07501515711668,0.9893966984944371,0.3765812172391299,ERRO
2025-06-01 23:21:00,88.05908677344553,1.7396352331618279,0.438863261070491,ERRO
2025-06-01 23:22:00,90.0927260952903,1.2075466772683585,0.396706372872667,ERRO
2025-06-01 23:23:00,87.79397469057024,1.6424834236498995,0.39761047928282234,ERRO
2025-06-01 23:24:00,92.2587634976916,2.144594497778441,0.3870638532710087,ERRO
2025-06-01 23:25:00,86.78543271772688,1.199122917134562,0.40400472818738054,ERRO
2025-06-01 23:26:00,89.36230870359755,0.7184866013497078,0.4009124412200159,ERRO
2025-06-01 23:27:00,90.98566556216247,1.426126481124654,0.4124022173321248,ERRO
2025-06-01 23:28:00,92.54136349765237,1.7657598194022603,0.490715801931166,ERRO
2025-06-01 23:29:00,89.95462667105954,2.0803412904979686,0.45330522991113265,ERRO
2025-06-01 23:30:00,89.22536653247812,1.1859624775757878,0.4337907107178183,ERRO
2025-06-01 23:31:00,94.52632981857509,1.5394470744126925,0.36926238232160014,ERRO
2025-06-01 23:32:00,87.54772418287455,1.43713096805571,0.3565671324938162,ERRO
2025-06-01 23:33:00,85.98281141391557,1.5243342046439174,0.42462458725188656,ERRO
2025-06-01 23:34:00,90.91007189741424,2.2703147733135864,0.4605367584827196,ERRO
2025-06-01 23:35:00,89.1900475540065,1.076278442875045,0.4780510011513247,ERRO
2025-06-01 23:36:00,88.58228681609165,1.5762792847936886,0.38207131467202726,ERRO
2025-06-01 23:37:00,90.75032419585888,1.7018074699515644,0.372716527823891,ERRO
2025-06-01 23:38:00,90.31288176393393,1.8748700546203012,0.33047144347728086,OK
2025-06-01 23:39:00,88.48555836414842,1.4593914098821181,0.4026914338072338,ERRO
2025-06-01 23:40:00,87.62896776202128,1.6217782825244393,0.43661974197519926,ERRO
2025-06-01 23:41:00,92.36002574438568,1.3722240370913004,0.38438924898762783,ERRO
2025-06-01 23:42:00,91.0019152125568,1.584879710899437,0.43203508920691414,ERRO
2025-06-01 23:43:00,88.60649608870652,1.360633722302286,0.375030506217627,ERRO
2025-06-01 23:44:00,93.4871636195831,1.7738784204128573,0.42113169112959675,ERRO
2025-06-01 23:45:00,88.31656733335639,1.4411199901820386,0.35095146255759013,ERRO
2025-06-01 23:46:00,87.21776460962546,1.5761415599720077,0.39824920695500665,ERRO
2025-06-01 23:47:00,88.8302769841428,1.4244906255489949,0.2621023666575161,OK
2025-06-01 23:48:00,89.76883131635176,1.8185314436827578,0.3739875580240088,ERRO
2025-06-01 23:49:00,89.84716353053548,1.5063070152280194,0.30352877634974657,OK
2025-06-01 23:50:00,89.77517504509959,0.980100551735247,0.46166569978322836,ERRO
2025-06-01 23:51:00,90.28696988801128,1.9412330914526095,0.4391242204179483,ERRO
2025-06-01 23:52:00,88.58896951830933,1.2677762958502568,0.416167814214063,ERRO
2025-06-01 23:53:00,93.17278281232377,1.3523485496929992,0.4841462557176879,ERRO
2025-06-01 23:54:00,89.54537349193788,1.3376443818174741,0.35786311710091767,ERRO
2025-06-01 23:55:00,91.92889903948195,1.8428664914406956,0.4959495506051181,ERRO
2025-06-01 23:56:00,90.63897858944861,0.8495128092490467,0.4453782138594966,ERRO
2025-06-01 23:57:00,90.79375547729668,2.4943290470934314,0.39419803831883615,ERRO
2025-06-01 23:58:00,91.69795144822939,1.8142408962935832,0.4523245043288473,ERRO
2025-06-01 23:59:00,90.98862520490665,1.5921261926699355,0.3652235112802843,ERRO
2025-06-02 00:00:00,90.91962965028083,1.4675943840528078,0.35064883422239645,ERRO
2025-06-02 00:01:00,93.60352540284276,1.5341756300302052,0.3906234881325981,ERRO
2025-06-02 00:02:00,90.41769650516305,1.6501695253114956,0.37389999406769336,ERRO
2025-06-02 00:03:00,91.80242735316148,1.70901704793665,0.33341700896629994,OK
2025-06-02 00:04:00,89.51641535770317,1.6338969538279624,0.4748349468596523,ERRO
2025-06-02 00:05:00,93.06179224477121,1.5150886421337413,0.388316293865458,ERRO
2025-06-02 00:06:00,88.80277039145305,1.393825311808503,0.4261364894016464,ERRO
2025-06-02 00:07:00,92.65705621977355,1.5105802607821515,0.38372099086474193,ERRO
2025-06-02 00:08:00,90.92732165394163,1.426804728014794,0.31234939051402444,OK
2025-06-02 00:09:00,87.78377202622518,1.9127688063164285,0.407580459471443,ERRO
2025-06-02 00:10:00,90.05761117174858,1.7545044092113038,0.3141443850057037,OK
2025-06-02 00:11:00,88.08676181482231,0.6138311113646289,0.3965758527702725,ERRO
2025-06-02 00:12:00,91.85506790487922,1.6463477963315611,0.33844282624444366,OK
2025-06-02 00:13:00,88.73810089110242,1.4541259645289655,0.4778264942236258,ERRO
2025-06-02 00:14:00,89.28546760785206,1.4207855194148915,0.4500379532788346,ERRO
2025-06-02 00:15:00,86.31670723620597,1.3147527228284015,0.39890183131212376,ERRO
2025-06-02 00:16:00,89.34850785615481,1.9061572973688792,0.47971843025451877,ERRO
2025-06-02 00:17:00,85.875894196438,1.7900491679982045,0.3639150746056042,ERRO
2025-06-02 00:18:00,87.11624595559287,1.2876169258575163,0.42957254639199766,ERRO
2025-06-02 00:19:00,90.99600156283363,1.5110946356906045,0.4148536216194379,ERRO
2025-06-02 00:20:00,92.25288174365788,1.148604658176751,0.40321659553791633,ERRO
2025-06-02 00:21:00,91.67122240531408,1.1304685393856353,0.4798502419106189,ERRO
2025-06-02 00:22:00,89.64207608099761,1.3263235382421397,0.4565383093231592,ERRO
2025-06-02 00:23:00,89.34283027109623,1.7513577777805476,0.41836531824673334,ERRO
2025-06-02 00:24:00,90.11423592839401,1.8141796315428325,0.3331596638743216,OK
2025-06-02 00:25:00,86.64222127002041,1.7357155163359783,0.3463062032493015,OK
2025-06-02 00:26:00,93.28337118172391,1.7064766128775464,0.38589341765796403,ERRO
2025-06-02 00:27:00,91.48062443206796,1.6583219762673909,0.40507786620112185,ERRO
2025-06-02 00:28:00,90.51979454975314,1.3171853673696794,0.3478392241499828,OK
2025-06-02 00:29:00,89.66646419297977,1.7491822451658816,0.51664396696649,ERRO
2025-06-02 00:30:00,89.57217409691147,1.6351550443473535,0.48119738466636347,ERRO
2025-06-02 00:31:00,85.68089839280016,1.7604485496835127,0.4331698108403583,ERRO
2025-06-02 00:32:00,88.51790134935024,1.8509338990044397,0.3936187753112767,ERRO
2025-06-02 00:33:00,89.01158123125806,1.740829740469528,0.39457748167945966,ERRO
2025-06-02 00:34:00,86.96421845708201,1.5725658345627385,0.3610393594241035,ERRO
2025-06-02 00:35:00,89.45202820481967,1.8185968199520053,0.4055887191018471,ERRO
2025-06-02 00:36:00,92.55646714377094,1.527614151198557,0.42441410803975443,ERRO
2025-06-02 00:37:00,91.1215368202657,1.3910831146838767,0.3257379332909493,OK
2025-06-02 00:38:00,89.67933109833668,1.4914817202869743,0.4213883250835634,ERRO
2025-06-02 00:39:00,91.32548950843022,1.23412592665654,0.38053424049479484,ERRO
